RG,Intergenic,Exon,Ambiguity,Unmapped,Reads,Mapped,Exon_Map,sum,detected,subsets_Mito_sum,subsets_Mito_detected,subsets_Mito_percent,altexps_ERCC_sum,altexps_ERCC_detected,altexps_ERCC_percent,total
AAAGACTTCG,3674930,12154519,760710,200718,16790877,98.80460085557175,72.387636452819,363423,17557,37358,1017,10.279481485761771,1695,31,0.46423348068295733,365118
AGTGACAGCG,4440125,14044235,829276,244823,19558459,98.74825005385138,71.80644957764822,352586,17739,38653,1031,10.962715479344046,1419,36,0.4008417960198302,354005
CATGTACTTG,4740846,15615037,917058,262935,21535876,98.77908379487326,72.50709002967885,381701,17817,39623,1024,10.380638248262382,1827,34,0.4763667841722117,383528
CCAAGACGTG,3836877,12791239,786937,204927,17619980,98.83696235750551,72.59508240077459,377518,17708,38238,1002,10.128788561075233,1725,34,0.454853484441374,379243
GCACATCAAG,3802088,12473715,744735,210880,17231418,98.7761889358148,72.38937039308082,325228,17204,31244,989,9.60679892260199,1444,33,0.44203359945143755,326672
GTTCTGTCGT,3062267,10424027,657581,157430,14301305,98.89919136750107,72.8886419805745,275417,16593,27668,956,10.045857735724374,1087,28,0.39312270346902756,276504
TGCTTTGCGA,3869679,12981051,827147,206489,17884366,98.84542174992393,72.5832327520025,324368,17108,33322,992,10.272899916144626,1974,39,0.6048868977943385,326342
TTTCGACGTA,4061031,13388470,819902,230757,18500160,98.75267565253489,72.3694822098836,333085,17249,35284,989,10.593091853430806,1501,35,0.44861410818145414,334586
